-- MySQL dump 10.13  Distrib 8.0.36, for Win64 (x86_64)
--
-- Host: 127.0.0.1    Database: heinsoe2024
-- ------------------------------------------------------
-- Server version	8.0.36-0ubuntu0.22.04.1

/*!40101 SET @OLD_CHARACTER_SET_CLIENT=@@CHARACTER_SET_CLIENT */;
/*!40101 SET @OLD_CHARACTER_SET_RESULTS=@@CHARACTER_SET_RESULTS */;
/*!40101 SET @OLD_COLLATION_CONNECTION=@@COLLATION_CONNECTION */;
/*!50503 SET NAMES utf8mb4 */;
/*!40103 SET @OLD_TIME_ZONE=@@TIME_ZONE */;
/*!40103 SET TIME_ZONE='+00:00' */;
/*!40014 SET @OLD_UNIQUE_CHECKS=@@UNIQUE_CHECKS, UNIQUE_CHECKS=0 */;
/*!40014 SET @OLD_FOREIGN_KEY_CHECKS=@@FOREIGN_KEY_CHECKS, FOREIGN_KEY_CHECKS=0 */;
/*!40101 SET @OLD_SQL_MODE=@@SQL_MODE, SQL_MODE='NO_AUTO_VALUE_ON_ZERO' */;
/*!40111 SET @OLD_SQL_NOTES=@@SQL_NOTES, SQL_NOTES=0 */;

--
-- Table structure for table `_prisma_migrations`
--

DROP TABLE IF EXISTS `_prisma_migrations`;
/*!40101 SET @saved_cs_client     = @@character_set_client */;
/*!50503 SET character_set_client = utf8mb4 */;
CREATE TABLE `_prisma_migrations` (
  `id` varchar(36) CHARACTER SET utf8mb4 COLLATE utf8mb4_unicode_ci NOT NULL,
  `checksum` varchar(64) CHARACTER SET utf8mb4 COLLATE utf8mb4_unicode_ci NOT NULL,
  `finished_at` datetime(3) DEFAULT NULL,
  `migration_name` varchar(255) CHARACTER SET utf8mb4 COLLATE utf8mb4_unicode_ci NOT NULL,
  `logs` text CHARACTER SET utf8mb4 COLLATE utf8mb4_unicode_ci,
  `rolled_back_at` datetime(3) DEFAULT NULL,
  `started_at` datetime(3) NOT NULL DEFAULT CURRENT_TIMESTAMP(3),
  `applied_steps_count` int unsigned NOT NULL DEFAULT '0',
  PRIMARY KEY (`id`)
) ENGINE=InnoDB DEFAULT CHARSET=utf8mb4 COLLATE=utf8mb4_unicode_ci;
/*!40101 SET character_set_client = @saved_cs_client */;

--
-- Dumping data for table `_prisma_migrations`
--

/*!40000 ALTER TABLE `_prisma_migrations` DISABLE KEYS */;
INSERT INTO `_prisma_migrations` VALUES ('84023fc3-1846-496b-a893-cd62371be406','6e368bfbd1c0a5d28374e9144bb02c16d7f9e6c438dbccf1f616a449b446a180','2024-04-29 17:11:51.683','20240429171149_init',NULL,NULL,'2024-04-29 17:11:49.995',1);
/*!40000 ALTER TABLE `_prisma_migrations` ENABLE KEYS */;

--
-- Table structure for table `map_r_content_r_taxonomy`
--

DROP TABLE IF EXISTS `map_r_content_r_taxonomy`;
/*!40101 SET @saved_cs_client     = @@character_set_client */;
/*!50503 SET character_set_client = utf8mb4 */;
CREATE TABLE `map_r_content_r_taxonomy` (
  `id` int NOT NULL AUTO_INCREMENT,
  `r_content_id` int NOT NULL,
  `r_taxonomy_id` int NOT NULL,
  `create_time` datetime DEFAULT CURRENT_TIMESTAMP,
  PRIMARY KEY (`id`),
  KEY `content_id` (`r_content_id`),
  KEY `taxonomy_id` (`r_taxonomy_id`),
  CONSTRAINT `map_r_content_r_taxonomy_ibfk_1` FOREIGN KEY (`r_content_id`) REFERENCES `r_content` (`id`) ON DELETE CASCADE,
  CONSTRAINT `map_r_content_r_taxonomy_ibfk_2` FOREIGN KEY (`r_taxonomy_id`) REFERENCES `r_taxonomy` (`id`) ON DELETE CASCADE
) ENGINE=InnoDB AUTO_INCREMENT=167 DEFAULT CHARSET=utf8mb4 COLLATE=utf8mb4_unicode_ci;
/*!40101 SET character_set_client = @saved_cs_client */;

--
-- Dumping data for table `map_r_content_r_taxonomy`
--

/*!40000 ALTER TABLE `map_r_content_r_taxonomy` DISABLE KEYS */;
INSERT INTO `map_r_content_r_taxonomy` VALUES (52,9,15,'2024-05-07 10:58:53'),(53,9,17,'2024-05-07 10:58:53'),(54,9,18,'2024-05-07 10:58:53'),(101,2,21,'2024-05-08 17:00:51'),(102,2,23,'2024-05-08 17:00:51'),(103,2,28,'2024-05-08 17:00:51'),(104,2,29,'2024-05-08 17:00:51'),(105,4,20,'2024-05-08 17:01:34'),(106,4,21,'2024-05-08 17:01:34'),(107,4,22,'2024-05-08 17:01:34'),(108,4,23,'2024-05-08 17:01:34'),(109,4,24,'2024-05-08 17:01:34'),(110,4,25,'2024-05-08 17:01:34'),(111,4,26,'2024-05-08 17:01:34'),(112,4,27,'2024-05-08 17:01:34'),(113,4,28,'2024-05-08 17:01:34'),(114,4,29,'2024-05-08 17:01:34'),(123,8,2,'2024-05-08 17:09:20'),(124,8,22,'2024-05-08 17:09:20'),(125,8,29,'2024-05-08 17:09:20'),(126,11,29,'2024-05-08 18:49:54'),(127,11,20,'2024-05-08 18:49:54'),(159,5,20,'2024-05-14 05:56:29'),(160,5,22,'2024-05-14 05:56:29'),(161,5,23,'2024-05-14 05:56:29'),(162,5,25,'2024-05-14 05:56:29'),(163,5,26,'2024-05-14 05:56:29'),(164,5,27,'2024-05-14 05:56:29'),(165,5,28,'2024-05-14 05:56:29'),(166,5,29,'2024-05-14 05:56:29');
/*!40000 ALTER TABLE `map_r_content_r_taxonomy` ENABLE KEYS */;

--
-- Table structure for table `map_t_content_t_taxonomy`
--

DROP TABLE IF EXISTS `map_t_content_t_taxonomy`;
/*!40101 SET @saved_cs_client     = @@character_set_client */;
/*!50503 SET character_set_client = utf8mb4 */;
CREATE TABLE `map_t_content_t_taxonomy` (
  `id` int NOT NULL AUTO_INCREMENT,
  `t_taxonomy_id` int NOT NULL,
  `t_content_id` int NOT NULL,
  `create_time` datetime DEFAULT CURRENT_TIMESTAMP,
  PRIMARY KEY (`id`),
  KEY `taxonomy_id` (`t_taxonomy_id`),
  KEY `type_id` (`t_content_id`),
  CONSTRAINT `map_t_content_t_taxonomy_ibfk_1` FOREIGN KEY (`t_taxonomy_id`) REFERENCES `t_taxonomy` (`id`) ON DELETE CASCADE,
  CONSTRAINT `map_t_content_t_taxonomy_ibfk_2` FOREIGN KEY (`t_content_id`) REFERENCES `t_content` (`id`) ON DELETE CASCADE
) ENGINE=InnoDB AUTO_INCREMENT=46 DEFAULT CHARSET=utf8mb4 COLLATE=utf8mb4_unicode_ci;
/*!40101 SET character_set_client = @saved_cs_client */;

--
-- Dumping data for table `map_t_content_t_taxonomy`
--

/*!40000 ALTER TABLE `map_t_content_t_taxonomy` DISABLE KEYS */;
INSERT INTO `map_t_content_t_taxonomy` VALUES (28,1,5,'2024-05-07 11:06:13'),(29,2,5,'2024-05-07 11:06:13'),(36,1,2,'2024-05-08 16:47:26'),(37,2,2,'2024-05-08 16:47:26'),(38,1,1,'2024-05-08 16:56:01'),(39,2,1,'2024-05-08 16:56:01');
/*!40000 ALTER TABLE `map_t_content_t_taxonomy` ENABLE KEYS */;

--
-- Table structure for table `r_content`
--

DROP TABLE IF EXISTS `r_content`;
/*!40101 SET @saved_cs_client     = @@character_set_client */;
/*!50503 SET character_set_client = utf8mb4 */;
CREATE TABLE `r_content` (
  `id` int NOT NULL AUTO_INCREMENT,
  `title` varchar(200) CHARACTER SET utf8mb4 COLLATE utf8mb4_unicode_ci NOT NULL,
  `description` text CHARACTER SET utf8mb4 COLLATE utf8mb4_unicode_ci,
  `body` text CHARACTER SET utf8mb4 COLLATE utf8mb4_unicode_ci,
  `t_content_id` int DEFAULT NULL,
  `create_time` datetime DEFAULT CURRENT_TIMESTAMP,
  PRIMARY KEY (`id`),
  KEY `type_id` (`t_content_id`),
  CONSTRAINT `r_content_ibfk_1` FOREIGN KEY (`t_content_id`) REFERENCES `t_content` (`id`) ON DELETE SET NULL
) ENGINE=InnoDB AUTO_INCREMENT=16 DEFAULT CHARSET=utf8mb4 COLLATE=utf8mb4_unicode_ci;
/*!40101 SET character_set_client = @saved_cs_client */;

--
-- Dumping data for table `r_content`
--

/*!40000 ALTER TABLE `r_content` DISABLE KEYS */;
INSERT INTO `r_content` VALUES (2,'Web Developer','I developed web solutions at ICT Solution Group, focusing on coding, debugging, and enhancing user experience, collaborating with cross-functional teams','',1,'2024-04-30 05:01:05'),(4,'Freelance Web Developer','As a freelancer, I developed web solutions, focusing on coding, debugging, and enhancing user experience for various clients and projects.',NULL,1,'2024-04-30 06:46:48'),(5,'Application Developer','as a web developer and designer committed to creating visually appealing and highly functional websites. With a focus on the latest trends and technologies, I strive to deliver exceptional web solutions that help businesses succeed online.',NULL,1,'2024-04-30 06:49:00'),(7,'react-infinite-scrollable','`react-infinite-scrollable` is a lightweight and easy-to-use React component that enables infinite scrolling functionality in your web applications. With this package, you can effortlessly implement infinite scrolling for long lists, grids, or any other content that needs to be dynamically loaded as the user scrolls.\n','# react-infinite-scrollable\n`react-infinite-scrollable` is a lightweight and easy-to-use React component that enables infinite scrolling functionality in your web applications. With this package, you can effortlessly implement infinite scrolling for long lists, grids, or any other content that needs to be dynamically loaded as the user scrolls.\n\n## Installation\n\nTo get started with react-infinite-scrollable, simply install the package via npm:\n\n```npm\nnpm install react-infinite-scrollable --save\n```\n\n## Usage\n\n```js\nimport React from \"react\";\nimport InfiniteScrollable from \"react-infinite-scrollable\";\n\nfunction YourComponent() {\n  const [page, setPage] = useState(1);\n  const [hasMore, setHasMore] = useState(true);\n  const [loading, setLoadig] = useState(true);\n  const [article, setArticle] = useState([]);\n\n  const fetchPost = () => {\n    setLoadig(true);\n    fetch(`https://jsonplaceholder.typicode.com/posts?_page=${page}&_limit=10`)\n      .then((data) => {\n        setData((old) => [...old, ...data]);\n      })\n      .catch((error) => {\n        setHasMore(false);\n        console.log({ error });\n      })\n      .finally(() => {\n        setLoadig(false);\n      });\n  };\n\n  useEffect(() => {\n    fetchPost();\n  }, [page]);\n\n  const loadMore = () => {\n    setPage((pre) => pre + 1);\n  };\n  return (\n    <InfiniteScrollable\n      onEnd={loadMore}\n      loading={loading}\n      hasMore={hasMore}\n      loadingComponent={<center>my custom loading component</center>}\n      noMoreComponent={<center>my custom No more Post</center>}\n      offset={300}\n    >\n      {articles.map((article) => (\n        <div key={article.id} style={{ marginBottom: 16 }}>\n          <h2>{article.title}</h2>\n          <p>{article.body}</p>\n        </div> // your component here\n      ))}\n    </InfiniteScrollable>\n  );\n}\n```\n\n## Parameters Table\n\n| Name               | Description                                                      | Type              | Default                      |\n| ------------------ | ---------------------------------------------------------------- | ----------------- | ---------------------------- |\n| `hasMore`          | Indicates whether there are more items to load.                  | `boolean`         | `true`                       |\n| `loading`          | Indicates whether the component is currently loading more items. | `boolean`         | `false`                      |\n| `loadingComponent` | Optional loading component to display while loading.             | `React.ReactNode` | `<center>loading..</center>` |\n| `noMoreComponent`  | Optional no more data component to display.                      | `React.ReactNode` | `<center>no more</center>`   |\n| `onEnd`            | A function to load more items.                                   | `Function`        | -                            |\n| `offset`           | The offset value to trigger loading more items.                  | `Number`          | 0                            |\n',5,'2024-05-07 04:24:10'),(8,'react-infinite-scrollable','`react-infinite-scrollable` is a lightweight and easy-to-use React component that enables infinite scrolling functionality in your web applications. With this package, you can effortlessly implement infinite scrolling for long lists, grids, or any other content that needs to be dynamically loaded as the user scrolls.\n','# react-infinite-scrollable\n`react-infinite-scrollable` is a lightweight and easy-to-use React component that enables infinite scrolling functionality in your web applications. With this package, you can effortlessly implement infinite scrolling for long lists, grids, or any other content that needs to be dynamically loaded as the user scrolls.\n\n## Installation\n\nTo get started with react-infinite-scrollable, simply install the package via npm:\n\n```npm\nnpm install react-infinite-scrollable --save\n```\n\n## Usage\n\n```js\nimport React from \"react\";\nimport InfiniteScrollable from \"react-infinite-scrollable\";\n\nfunction YourComponent() {\n  const [page, setPage] = useState(1);\n  const [hasMore, setHasMore] = useState(true);\n  const [loading, setLoadig] = useState(true);\n  const [article, setArticle] = useState([]);\n\n  const fetchPost = () => {\n    setLoadig(true);\n    fetch(`https://jsonplaceholder.typicode.com/posts?_page=${page}&_limit=10`)\n      .then((data) => {\n        setData((old) => [...old, ...data]);\n      })\n      .catch((error) => {\n        setHasMore(false);\n        console.log({ error });\n      })\n      .finally(() => {\n        setLoadig(false);\n      });\n  };\n\n  useEffect(() => {\n    fetchPost();\n  }, [page]);\n\n  const loadMore = () => {\n    setPage((pre) => pre + 1);\n  };\n  return (\n    <InfiniteScrollable\n      onEnd={loadMore}\n      loading={loading}\n      hasMore={hasMore}\n      loadingComponent={<center>my custom loading component</center>}\n      noMoreComponent={<center>my custom No more Post</center>}\n      offset={300}\n    >\n      {articles.map((article) => (\n        <div key={article.id} style={{ marginBottom: 16 }}>\n          <h2>{article.title}</h2>\n          <p>{article.body}</p>\n        </div> // your component here\n      ))}\n    </InfiniteScrollable>\n  );\n}\n```\n\n## Parameters Table\n\n| Name               | Description                                                      | Type              | Default                      |\n| ------------------ | ---------------------------------------------------------------- | ----------------- | ---------------------------- |\n| `hasMore`          | Indicates whether there are more items to load.                  | `boolean`         | `true`                       |\n| `loading`          | Indicates whether the component is currently loading more items. | `boolean`         | `false`                      |\n| `loadingComponent` | Optional loading component to display while loading.             | `React.ReactNode` | `<center>loading..</center>` |\n| `noMoreComponent`  | Optional no more data component to display.                      | `React.ReactNode` | `<center>no more</center>`   |\n| `onEnd`            | A function to load more items.                                   | `Function`        | -                            |\n| `offset`           | The offset value to trigger loading more items.                  | `Number`          | 0                            |\n',2,'2024-05-07 05:47:10'),(9,'Song A','## dljk\nthis is Dom Williion ','```js\nconsole.log(22)\n```\n<iframe width=\"1280\" height=\"720\" src=\"https://www.youtube.com/embed/XNNLrZ8e8-E\" title=\"Don Williams - Best Of Songs Don Williams | Don Williams Greatest Hits [Full Album] HD\" frameborder=\"0\" allow=\"accelerometer; autoplay; clipboard-write; encrypted-media; gyroscope; picture-in-picture; web-share\" referrerpolicy=\"strict-origin-when-cross-origin\" allowfullscreen></iframe>',NULL,'2024-05-07 10:57:25'),(10,'Markdown for GitHub ','<p align=\"center\">Get dynamically generated GitHub stats on your READMEs!</p>\nIndia has recently suffered one of the most devastating train accidents, and your help will be immensely valuable for the people who were affected by this tragedy.\n\nPlease visit [this link](https://give.do/fundraisers/stand-beside-the-victims-of-the-coromandel-express-train-tragedy-in-odisha-donate-now) and make a small donation to help the people in need. A small donation goes a long way. :heart:\n</p>','<p align=\"center\">\n <h2 align=\"center\">GitHub Readme Stats</h2>\n <p align=\"center\">Get dynamically generated GitHub stats on your READMEs!</p>\n</p>\n\nIndia has recently suffered one of the most devastating train accidents, and your help will be immensely valuable for the people who were affected by this tragedy.\n\nPlease visit [this link](https://give.do/fundraisers/stand-beside-the-victims-of-the-coromandel-express-train-tragedy-in-odisha-donate-now) and make a small donation to help the people in need. A small donation goes a long way. :heart:\n\n</p>\n\n# Important Notices <!-- omit in toc -->\n\n> [!IMPORTANT]\\\n> Since the GitHub API only [allows 5k requests per hour per user account](https://docs.github.com/en/graphql/overview/resource-limitations), the public Vercel instance hosted on `https://github-readme-stats.vercel.app/api` could possibly hit the rate limiter (see [#1471](https://github.com/anuraghazra/github-readme-stats/issues/1471)). We use caching to prevent this from happening (see https://github.com/anuraghazra/github-readme-stats#common-options). You can turn off these rate limit protections by deploying [your own Vercel instance](#disable-rate-limit-protections).\n\n<img alt=\"Uptime Badge\" src=\"https://img.shields.io/endpoint?url=https%3A%2F%2Fgithub-readme-stats-git-monitoring-github-readme-stats-team.vercel.app%2Fapi%2Fstatus%2Fup%3Ftype%3Dshields\">\n\n> [!IMPORTANT]\\\n> We\'re a small team, and to prioritize, we rely on upvotes :+1:. We use the Top Issues dashboard for tracking community demand (see [#1935](https://github.com/anuraghazra/github-readme-stats/issues/1935)). Do not hesitate to upvote the issues and pull requests you are interested in. We will work on the most upvoted first.\n\n# GitHub Stats Card\n\nCopy and paste this into your markdown, and that\'s it. Simple!\n\nChange the `?username=` value to your GitHub username.\n\n```md\n[![Anurag\'s GitHub stats](https://github-readme-stats.vercel.app/api?username=anuraghazra)](https://github.com/anuraghazra/github-readme-stats)\n```\n\n> [!WARNING]\\\n> By default, the stats card only shows statistics like stars, commits, and pull requests from public repositories. To show private statistics on the stats card, you should [deploy your own instance](#deploy-on-your-own) using your own GitHub API token.\n\n> [!NOTE]\\\n> Available ranks are S (top 1%), A+ (12.5%), A (25%), A- (37.5%), B+ (50%), B (62.5%), B- (75%), C+ (87.5%) and C (everyone). This ranking scheme is based on the [Japanese academic grading](https://wikipedia.org/wiki/Academic_grading_in_Japan) system. The global percentile is calculated as a weighted sum of percentiles for each statistic (number of commits, pull requests, reviews, issues, stars, and followers), based on the cumulative distribution function of the [exponential](https://wikipedia.org/wiki/exponential_distribution) and the [log-normal](https://wikipedia.org/wiki/Log-normal_distribution) distributions. The implementation can be investigated at [src/calculateRank.js](https://github.com/anuraghazra/github-readme-stats/blob/master/src/calculateRank.js). The circle around the rank shows 100 minus the global percentile.\n\n### Hiding individual stats\n\nYou can pass a query parameter `&hide=` to hide any specific stats with comma-separated values.\n\n> Options: `&hide=stars,commits,prs,issues,contribs`\n\n```md\n![Anurag\'s GitHub stats](https://github-readme-stats.vercel.app/api?username=anuraghazra&hide=contribs,prs)\n```\n\n### Showing additional individual stats\n\nYou can pass a query parameter `&show=` to show any specific additional stats with comma-separated values.\n\n> Options: `&show=reviews,discussions_started,discussions_answered,prs_merged,prs_merged_percentage`\n\n```md\n![Anurag\'s GitHub stats](https://github-readme-stats.vercel.app/api?username=anuraghazra&show=reviews,discussions_started,discussions_answered,prs_merged,prs_merged_percentage)\n```\n\n### Showing icons\n\nTo enable icons, you can pass `&show_icons=true` in the query param, like so:\n\n```md\n![Anurag\'s GitHub stats](https://github-readme-stats.vercel.app/api?username=anuraghazra&show_icons=true)\n```\n\n### Themes\n\nWith inbuilt themes, you can customize the look of the card without doing any [manual customization](#customization).\n\nUse `&theme=THEME_NAME` parameter like so :\n\n```md\n![Anurag\'s GitHub stats](https://github-readme-stats.vercel.app/api?username=anuraghazra&show_icons=true&theme=radical)\n```\n\n#### All inbuilt themes\n\nGitHub Readme Stats comes with several built-in themes (e.g. `dark`, `radical`, `merko`, `gruvbox`, `tokyonight`, `onedark`, `cobalt`, `synthwave`, `highcontrast`, `dracula`).\n\n<img src=\"https://res.cloudinary.com/anuraghazra/image/upload/v1595174536/grs-themes_l4ynja.png\" alt=\"GitHub Readme Stats Themes\" width=\"600px\"/>\n\nYou can look at a preview for [all available themes](themes/README.md) or checkout the [theme config file](themes/index.js). Please note that we paused the addition of new themes to decrease maintenance efforts; all pull requests related to new themes will be closed.\n\n#### Responsive Card Theme\n\n[![Anurag\'s GitHub stats-Dark](https://github-readme-stats.vercel.app/api?username=anuraghazra\\&show_icons=true\\&theme=dark#gh-dark-mode-only)](https://github.com/anuraghazra/github-readme-stats#responsive-card-theme#gh-dark-mode-only)\n[![Anurag\'s GitHub stats-Light](https://github-readme-stats.vercel.app/api?username=anuraghazra\\&show_icons=true\\&theme=default#gh-light-mode-only)](https://github.com/anuraghazra/github-readme-stats#responsive-card-theme#gh-light-mode-only)\n\nSince GitHub will re-upload the cards and serve them from their [CDN](https://docs.github.com/en/authentication/keeping-your-account-and-data-secure/about-anonymized-urls), we can not infer the browser/GitHub theme on the server side. There are, however, four methods you can use to create dynamics themes on the client side.\n\n##### Use the transparent theme\n\nWe have included a `transparent` theme that has a transparent background. This theme is optimized to look good on GitHub\'s dark and light default themes. You can enable this theme using the `&theme=transparent` parameter like so:\n\n```md\n![Anurag\'s GitHub stats](https://github-readme-stats.vercel.app/api?username=anuraghazra&show_icons=true&theme=transparent)\n```\n\n<details>\n<summary>:eyes: Show example</summary>\n\n![Anurag\'s GitHub stats](https://github-readme-stats.vercel.app/api?username=anuraghazra\\&show_icons=true\\&theme=transparent)\n\n</details>\n\n##### Add transparent alpha channel to a themes bg\\_color\n\nYou can use the `bg_color` parameter to make any of [the available themes](themes/README.md) transparent. This is done by setting the `bg_color` to a color with a transparent alpha channel (i.e. `bg_color=00000000`):\n\n```md\n![Anurag\'s GitHub stats](https://github-readme-stats.vercel.app/api?username=anuraghazra&show_icons=true&bg_color=00000000)\n```\n\n<details>\n<summary>:eyes: Show example</summary>\n\n![Anurag\'s GitHub stats](https://github-readme-stats.vercel.app/api?username=anuraghazra\\&show_icons=true\\&bg_color=00000000)\n\n</details>\n\n##### Use GitHub\'s theme context tag\n\nYou can use [GitHub\'s theme context](https://github.blog/changelog/2021-11-24-specify-theme-context-for-images-in-markdown/) tags to switch the theme based on the user GitHub theme automatically. This is done by appending `#gh-dark-mode-only` or `#gh-light-mode-only` to the end of an image URL. This tag will define whether the image specified in the markdown is only shown to viewers using a light or a dark GitHub theme:\n\n```md\n[![Anurag\'s GitHub stats-Dark](https://github-readme-stats.vercel.app/api?username=anuraghazra&show_icons=true&theme=dark#gh-dark-mode-only)](https://github.com/anuraghazra/github-readme-stats#gh-dark-mode-only)\n[![Anurag\'s GitHub stats-Light](https://github-readme-stats.vercel.app/api?username=anuraghazra&show_icons=true&theme=default#gh-light-mode-only)](https://github.com/anuraghazra/github-readme-stats#gh-light-mode-only)\n```\n\n<details>\n<summary>:eyes: Show example</summary>\n\n[![Anurag\'s GitHub stats-Dark](https://github-readme-stats.vercel.app/api?username=anuraghazra\\&show_icons=true\\&theme=dark#gh-dark-mode-only)](https://github.com/anuraghazra/github-readme-stats#gh-dark-mode-only)\n[![Anurag\'s GitHub stats-Light](https://github-readme-stats.vercel.app/api?username=anuraghazra\\&show_icons=true\\&theme=default#gh-light-mode-only)](https://github.com/anuraghazra/github-readme-stats#gh-light-mode-only)\n\n</details>\n\n##### Use GitHub\'s new media feature\n\nYou can use [GitHub\'s new media feature](https://github.blog/changelog/2022-05-19-specify-theme-context-for-images-in-markdown-beta/) in HTML to specify whether to display images for light or dark themes. This is done using the HTML `<picture>` element in combination with the `prefers-color-scheme` media feature.\n\n```html\n<picture>\n  <source\n    srcset=\"https://github-readme-stats.vercel.app/api?username=anuraghazra&show_icons=true&theme=dark\"\n    media=\"(prefers-color-scheme: dark)\"\n  />\n  <source\n    srcset=\"https://github-readme-stats.vercel.app/api?username=anuraghazra&show_icons=true\"\n    media=\"(prefers-color-scheme: light), (prefers-color-scheme: no-preference)\"\n  />\n  <img src=\"https://github-readme-stats.vercel.app/api?username=anuraghazra&show_icons=true\" />\n</picture>\n```\n\n<details>\n<summary>:eyes: Show example</summary>\n\n<picture>\n  <source\n    srcset=\"https://github-readme-stats.vercel.app/api?username=anuraghazra&show_icons=true&theme=dark\"\n    media=\"(prefers-color-scheme: dark)\"\n  />\n  <source\n    srcset=\"https://github-readme-stats.vercel.app/api?username=anuraghazra&show_icons=true\"\n    media=\"(prefers-color-scheme: light), (prefers-color-scheme: no-preference)\"\n  />\n  <img src=\"https://github-readme-stats.vercel.app/api?username=anuraghazra&show_icons=true\" />\n</picture>\n\n</details>\n\n### Customization\n\nYou can customize the appearance of all your cards however you wish with URL parameters.\n\n#### Common Options\n\n| Name | Description | Type | Default value |\n| --- | --- | --- | --- |\n| `title_color` | Card\'s title color. | string (hex color) | `2f80ed` |\n| `text_color` | Body text color. | string (hex color) | `434d58` |\n| `icon_color` | Icons color if available. | string (hex color) | `4c71f2` |\n| `border_color` | Card\'s border color. Does not apply when `hide_border` is enabled. | string (hex color) | `e4e2e2` |\n| `bg_color` | Card\'s background color. | string (hex color or a gradient in the form of *angle,start,end*) | `fffefe` |\n| `hide_border` | Hides the card\'s border. | boolean | `false` |\n| `theme` | Name of the theme, choose from [all available themes](themes/README.md). | enum | `default` |\n| `cache_seconds` | Sets the cache header manually (min: 21600, max: 86400). | integer | `21600` |\n| `locale` | Sets the language in the card, you can check full list of available locales [here](#available-locales). | enum | `en` |\n| `border_radius` | Corner rounding on the card. | number | `4.5` |\n\n> [!WARNING]\\\n> We use caching to decrease the load on our servers (see <https://github.com/anuraghazra/github-readme-stats/issues/1471#issuecomment-1271551425>). Our cards have a default cache of 6 hours (21600 seconds). Also, note that the cache is clamped to a minimum of 6 hours and a maximum of 24 hours. If you want the data on your statistics card to be updated more often you can [deploy your own instance](#deploy-on-your-own) and set [environment variable](#disable-rate-limit-protections) `CACHE_SECONDS` to a value of your choosing.\n\n##### Gradient in bg\\_color\n\nYou can provide multiple comma-separated values in the bg\\_color option to render a gradient with the following format:\n\n    &bg_color=DEG,COLOR1,COLOR2,COLOR3...COLOR10\n\n##### Available locales\n\nHere is a list of all available locales:\n\n<table>\n<tr><td>\n\n| Code | Locale |\n| --- | --- |\n| `cn` | Chinese |\n| `zh-tw` | Chinese (Taiwan) |\n| `ar` | Arabic |\n| `cs` | Czech |\n| `de` | German |\n| `en` | English |\n| `bn` | Bengali |\n| `es` | Spanish |\n| `fr` | French |\n| `hu` | Hungarian |\n\n</td><td>\n\n| Code | Locale |\n| --- | --- |\n| `it` | Italian |\n| `ja` | Japanese |\n| `kr` | Korean |\n| `nl` | Dutch |\n| `pt-pt` | Portuguese (Portugal) |\n| `pt-br` | Portuguese (Brazil) |\n| `np` | Nepali |\n| `el` | Greek |\n| `ru` | Russian |\n| `uk-ua` | Ukrainian |\n\n</td><td>\n\n| Code | Locale |\n| --- | --- |\n| `id` | Indonesian |\n| `ml` | Malayalam |\n| `my` | Burmese |\n| `sk` | Slovak |\n| `tr` | Turkish |\n| `pl` | Polish |\n| `uz` | Uzbek |\n| `vi` | Vietnamese |\n| `se` | Swedish |\n\n</td></tr>\n</table>\n\nIf we don\'t support your language, please consider contributing! You can find more information about how to do it in our [contributing guidelines](CONTRIBUTING.md#translations-contribution).\n\n#### Stats Card Exclusive Options\n\n| Name | Description | Type | Default value |\n| --- | --- | --- | --- |\n| `hide` | Hides the [specified items](#hiding-individual-stats) from stats. | string (comma-separated values) | `null` |\n| `hide_title` | Hides the title of your stats card. | boolean | `false` |\n| `card_width` | Sets the card\'s width manually. | number | `500px  (approx.)` |\n| `hide_rank` | Hides the rank and automatically resizes the card width. | boolean | `false` |\n| `rank_icon` | Shows alternative rank icon (i.e. `github`, `percentile` or `default`). | enum | `default` |\n| `show_icons` | Shows icons near all stats. | boolean | `false` |\n| `include_all_commits` | Count total commits instead of just the current year commits. | boolean | `false` |\n| `line_height` | Sets the line height between text. | integer | `25` |\n| `exclude_repo` | Excludes specified repositories. | string (comma-separated values) | `null` |\n| `custom_title` | Sets a custom title for the card. | string | `<username> GitHub Stats` |\n| `text_bold` | Uses bold text. | boolean | `true` |\n| `disable_animations` | Disables all animations in the card. | boolean | `false` |\n| `ring_color` | Color of the rank circle. | string (hex color) | `2f80ed` |\n| `number_format` | Switches between two available formats for displaying the card values `short` (i.e. `6.6k`) and `long` (i.e. `6626`). | enum | `short` |\n| `show` | Shows [additional items](#showing-additional-individual-stats) on stats card (i.e. `reviews`, `discussions_started`, `discussions_answered`, `prs_merged` or `prs_merged_percentage`). | string (comma-separated values) | `null` |\n\n> [!NOTE]\\\n> When hide\\_rank=`true`, the minimum card width is 270 px + the title length and padding.\n\n#### Repo Card Exclusive Options\n\n| Name | Description | Type | Default value |\n| --- | --- | --- | --- |\n| `show_owner` | Shows the repo\'s owner name. | boolean | `false` |\n| `description_lines_count` | Manually set the number of lines for the description. Specified value will be clamped between 1 and 3. If this parameter is not specified, the number of lines will be automatically adjusted according to the actual length of the description. | number | `null` |\n\n#### Gist Card Exclusive Options\n\n| Name | Description | Type | Default value |\n| --- | --- | --- | --- |\n| `show_owner` | Shows the gist\'s owner name. | boolean | `false` |\n\n#### Language Card Exclusive Options\n\n| Name | Description | Type | Default value |\n| --- | --- | --- | --- |\n| `hide` | Hides the [specified languages](#hide-individual-languages) from card. | string (comma-separated values) | `null` |\n| `hide_title` | Hides the title of your card. | boolean | `false` |\n| `layout` | Switches between five available layouts `normal` & `compact` & `donut` & `donut-vertical` & `pie`. | enum | `normal` |\n| `card_width` | Sets the card\'s width manually. | number | `300` |\n| `langs_count` | Shows more languages on the card, between 1-20. | integer | `5` for `normal` and `donut`, `6` for other layouts |\n| `exclude_repo` | Excludes specified repositories. | string (comma-separated values) | `null` |\n| `custom_title` | Sets a custom title for the card. | string | `Most Used Languages` |\n| `disable_animations` | Disables all animations in the card. | boolean | `false` |\n| `hide_progress` | Uses the compact layout option, hides percentages, and removes the bars. | boolean | `false` |\n| `size_weight` | Configures language stats algorithm (see [Language stats algorithm](#language-stats-algorithm)). | integer | `1` |\n| `count_weight` | Configures language stats algorithm (see [Language stats algorithm](#language-stats-algorithm)). | integer | `0` |\n\n> [!WARNING]\\\n> Language names should be URI-escaped, as specified in [Percent Encoding](https://en.wikipedia.org/wiki/Percent-encoding)\n> (i.e: `c++` should become `c%2B%2B`, `jupyter notebook` should become `jupyter%20notebook`, etc.) You can use\n> [urlencoder.org](https://www.urlencoder.org/) to help you do this automatically.\n\n#### WakaTime Card Exclusive Options\n\n| Name | Description | Type | Default value |\n| --- | --- | --- | --- |\n| `hide` | Hides the languages specified from the card. | string (comma-separated values) | `null` |\n| `hide_title` | Hides the title of your card. | boolean | `false` |\n| `line_height` | Sets the line height between text. | integer | `25` |\n| `hide_progress` | Hides the progress bar and percentage. | boolean | `false` |\n| `custom_title` | Sets a custom title for the card. | string | `WakaTime Stats` |\n| `layout` | Switches between two available layouts `default` & `compact`. | enum | `default` |\n| `langs_count` | Limits the number of languages on the card, defaults to all reported languages. | integer | `null` |\n| `api_domain` | Sets a custom API domain for the card, e.g. to use services like [Hakatime](https://github.com/mujx/hakatime) or [Wakapi](https://github.com/muety/wakapi) | string | `wakatime.com` |\n| `display_format` | Sets the WakaTime stats display format. Choose `time` to display time-based stats or `percent` to show percentages. | enum | `time` |\n| `disable_animations` | Disables all animations in the card. | boolean | `false` |\n\n***\n\n# GitHub Extra Pins\n\nGitHub extra pins allow you to pin more than 6 repositories in your profile using a GitHub readme profile.\n\nYay! You are no longer limited to 6 pinned repositories.\n\n### Usage\n\nCopy-paste this code into your readme and change the links.\n\nEndpoint: `api/pin?username=anuraghazra&repo=github-readme-stats`\n\n```md\n[![Readme Card](https://github-readme-stats.vercel.app/api/pin/?username=anuraghazra&repo=github-readme-stats)](https://github.com/anuraghazra/github-readme-stats)\n```\n\n### Demo\n\n![Readme Card](https://github-readme-stats.vercel.app/api/pin/?username=anuraghazra\\&repo=github-readme-stats)\n\nUse [show\\_owner](#repo-card-exclusive-options) query option to include the repo\'s owner username\n\n![Readme Card](https://github-readme-stats.vercel.app/api/pin/?username=anuraghazra\\&repo=github-readme-stats\\&show_owner=true)\n\n# GitHub Gist Pins\n\nGitHub gist pins allow you to pin gists in your GitHub profile using a GitHub readme profile.\n\n### Usage\n\nCopy-paste this code into your readme and change the links.\n\nEndpoint: `api/gist?id=bbfce31e0217a3689c8d961a356cb10d`\n\n```md\n[![Gist Card](https://github-readme-stats.vercel.app/api/gist?id=bbfce31e0217a3689c8d961a356cb10d)](https://gist.github.com/Yizack/bbfce31e0217a3689c8d961a356cb10d/)\n```\n\n### Demo\n\n![Gist Card](https://github-readme-stats.vercel.app/api/gist?id=bbfce31e0217a3689c8d961a356cb10d)\n\nUse [show\\_owner](#gist-card-exclusive-options) query option to include the gist\'s owner username\n\n![Gist Card](https://github-readme-stats.vercel.app/api/gist?id=bbfce31e0217a3689c8d961a356cb10d\\&show_owner=true)\n\n# Top Languages Card\n\nThe top languages card shows a GitHub user\'s most frequently used languages.\n\n> [!WARNING]\\\n> By default, the language card shows language results only from public repositories. To include languages used in private repositories, you should [deploy your own instance](#deploy-on-your-own) using your own GitHub API token.\n\n> [!NOTE]\\\n> Top Languages does not indicate the user\'s skill level or anything like that; it\'s a GitHub metric to determine which languages have the most code on GitHub. It is a new feature of github-readme-stats.\n\n> [!WARNING]\\\n> This card shows language usage only inside your own non-forked repositories, not depending on who the author of the commits is. It does not include your contributions into another users/organizations repositories. Currently there are no way to get this data from GitHub API. If you want this behavior to be improved you can support [this feature request](https://github.com/orgs/community/discussions/18230) created by [@rickstaa](https://github.com/rickstaa) inside GitHub Community.\n\n> [!WARNING]\\\n> Currently this card shows data only about first 100 repositories. This is because GitHub API limitations which cause downtimes of public instances (see [#1471](https://github.com/anuraghazra/github-readme-stats/issues/1471)). In future this behavior will be improved by releasing GitHub action or providing environment variables for user\'s own instances.\n\n### Usage\n\nCopy-paste this code into your readme and change the links.\n\nEndpoint: `api/top-langs?username=anuraghazra`\n\n```md\n[![Top Langs](https://github-readme-stats.vercel.app/api/top-langs/?username=anuraghazra)](https://github.com/anuraghazra/github-readme-stats)\n```\n\n### Language stats algorithm\n\nWe use the following algorithm to calculate the languages percentages on the language card:\n\n```js\nranking_index = (byte_count ^ size_weight) * (repo_count ^ count_weight)\n```\n\nBy default, only the byte count is used for determining the languages percentages shown on the language card (i.e. `size_weight=1` and `count_weight=0`). You can, however, use the `&size_weight=` and `&count_weight=` options to weight the language usage calculation. The values must be positive real numbers. [More details about the algorithm can be found here](https://github.com/anuraghazra/github-readme-stats/issues/1600#issuecomment-1046056305).\n\n*   `&size_weight=1&count_weight=0` - *(default)* Orders by byte count.\n*   `&size_weight=0.5&count_weight=0.5` - *(recommended)* Uses both byte and repo count for ranking\n*   `&size_weight=0&count_weight=1` - Orders by repo count\n\n```md\n![Top Langs](https://github-readme-stats.vercel.app/api/top-langs/?username=anuraghazra&size_weight=0.5&count_weight=0.5)\n```\n\n### Exclude individual repositories\n\nYou can use the `&exclude_repo=repo1,repo2` parameter to exclude individual repositories.\n\n```md\n![Top Langs](https://github-readme-stats.vercel.app/api/top-langs/?username=anuraghazra&exclude_repo=github-readme-stats,anuraghazra.github.io)\n```\n\n### Hide individual languages\n\nYou can use `&hide=language1,language2` parameter to hide individual languages.\n\n```md\n![Top Langs](https://github-readme-stats.vercel.app/api/top-langs/?username=anuraghazra&hide=javascript,html)\n```\n\n### Show more languages\n\nYou can use the `&langs_count=` option to increase or decrease the number of languages shown on the card. Valid values are integers between 1 and 20 (inclusive). By default it was set to `5` for `normal` & `donut` and `6` for other layouts.\n\n```md\n![Top Langs](https://github-readme-stats.vercel.app/api/top-langs/?username=anuraghazra&langs_count=8)\n```\n\n### Compact Language Card Layout\n\nYou can use the `&layout=compact` option to change the card design.\n\n```md\n![Top Langs](https://github-readme-stats.vercel.app/api/top-langs/?username=anuraghazra&layout=compact)\n```\n\n### Donut Chart Language Card Layout\n\nYou can use the `&layout=donut` option to change the card design.\n\n```md\n[![Top Langs](https://github-readme-stats.vercel.app/api/top-langs/?username=anuraghazra&layout=donut)](https://github.com/anuraghazra/github-readme-stats)\n```\n\n### Donut Vertical Chart Language Card Layout\n\nYou can use the `&layout=donut-vertical` option to change the card design.\n\n```md\n[![Top Langs](https://github-readme-stats.vercel.app/api/top-langs/?username=anuraghazra&layout=donut-vertical)](https://github.com/anuraghazra/github-readme-stats)\n```\n\n### Pie Chart Language Card Layout\n\nYou can use the `&layout=pie` option to change the card design.\n\n```md\n[![Top Langs](https://github-readme-stats.vercel.app/api/top-langs/?username=anuraghazra&layout=pie)](https://github.com/anuraghazra/github-readme-stats)\n```\n\n### Hide Progress Bars\n\nYou can use the `&hide_progress=true` option to hide the percentages and the progress bars (layout will be automatically set to `compact`).\n\n```md\n![Top Langs](https://github-readme-stats.vercel.app/api/top-langs/?username=anuraghazra&hide_progress=true)\n```\n\n### Demo\n\n![Top Langs](https://github-readme-stats.vercel.app/api/top-langs/?username=anuraghazra)\n\n*   Compact layout\n\n![Top Langs](https://github-readme-stats.vercel.app/api/top-langs/?username=anuraghazra\\&layout=compact)\n\n*   Donut Chart layout\n\n[![Top Langs](https://github-readme-stats.vercel.app/api/top-langs/?username=anuraghazra\\&layout=donut)](https://github.com/anuraghazra/github-readme-stats)\n\n*   Donut Vertical Chart layout\n\n[![Top Langs](https://github-readme-stats.vercel.app/api/top-langs/?username=anuraghazra\\&layout=donut-vertical)](https://github.com/anuraghazra/github-readme-stats)\n\n*   Pie Chart layout\n\n[![Top Langs](https://github-readme-stats.vercel.app/api/top-langs/?username=anuraghazra\\&layout=pie)](https://github.com/anuraghazra/github-readme-stats)\n\n*   Hidden progress bars\n\n![Top Langs](https://github-readme-stats.vercel.app/api/top-langs/?username=anuraghazra\\&hide_progress=true)\n\n# WakaTime Stats Card\n\n> [!WARNING]\\\n> Please be aware that we currently only show data from WakaTime profiles that are public. You therefore have to make sure that **BOTH** `Display code time publicly` and `Display languages, editors, os, categories publicly` are enabled.\n\nChange the `?username=` value to your [WakaTime](https://wakatime.com) username.\n\n```md\n[![Harlok\'s WakaTime stats](https://github-readme-stats.vercel.app/api/wakatime?username=ffflabs)](https://github.com/anuraghazra/github-readme-stats)\n```\n\n### Demo\n\n![Harlok\'s WakaTime stats](https://github-readme-stats.vercel.app/api/wakatime?username=ffflabs)\n\n![Harlok\'s WakaTime stats](https://github-readme-stats.vercel.app/api/wakatime?username=ffflabs\\&hide_progress=true)\n\n*   Compact layout\n\n![Harlok\'s WakaTime stats](https://github-readme-stats.vercel.app/api/wakatime?username=ffflabs\\&layout=compact)\n\n***\n\n# All Demos\n\n*   Default\n\n![Anurag\'s GitHub stats](https://github-readme-stats.vercel.app/api?username=anuraghazra)\n\n*   Hiding specific stats\n\n![Anurag\'s GitHub stats](https://github-readme-stats.vercel.app/api?username=anuraghazra\\&hide=contribs,issues)\n\n*   Showing additional stats\n\n![Anurag\'s GitHub stats](https://github-readme-stats.vercel.app/api?username=anuraghazra\\&show_icons=true\\&show=reviews,discussions_started,discussions_answered,prs_merged,prs_merged_percentage)\n\n*   Showing icons\n\n![Anurag\'s GitHub stats](https://github-readme-stats.vercel.app/api?username=anuraghazra\\&hide=issues\\&show_icons=true)\n\n*   Shows Github logo instead rank level\n\n![Anurag\'s GitHub stats](https://github-readme-stats.vercel.app/api?username=anuraghazra\\&rank_icon=github)\n\n*   Shows user rank percentile instead of rank level\n\n![Anurag\'s GitHub stats](https://github-readme-stats.vercel.app/api?username=anuraghazra\\&rank_icon=percentile)\n\n*   Customize Border Color\n\n![Anurag\'s GitHub stats](https://github-readme-stats.vercel.app/api?username=anuraghazra\\&border_color=2e4058)\n\n*   Include All Commits\n\n![Anurag\'s GitHub stats](https://github-readme-stats.vercel.app/api?username=anuraghazra\\&include_all_commits=true)\n\n*   Themes\n\nChoose from any of the [default themes](#themes)\n\n![Anurag\'s GitHub stats](https://github-readme-stats.vercel.app/api?username=anuraghazra\\&show_icons=true\\&theme=radical)\n\n*   Gradient\n\n![Anurag\'s GitHub stats](https://github-readme-stats.vercel.app/api?username=anuraghazra\\&bg_color=30,e96443,904e95\\&title_color=fff\\&text_color=fff)\n\n*   Customizing stats card\n\n![Anurag\'s GitHub stats](https://github-readme-stats.vercel.app/api/?username=anuraghazra\\&show_icons=true\\&title_color=fff\\&icon_color=79ff97\\&text_color=9f9f9f\\&bg_color=151515)\n\n*   Setting card locale\n\n![Anurag\'s GitHub stats](https://github-readme-stats.vercel.app/api/?username=anuraghazra\\&locale=es)\n\n*   Customizing repo card\n\n![Customized Card](https://github-readme-stats.vercel.app/api/pin?username=anuraghazra\\&repo=github-readme-stats\\&title_color=fff\\&icon_color=f9f9f9\\&text_color=9f9f9f\\&bg_color=151515)\n\n*   Gist card\n\n![Gist Card](https://github-readme-stats.vercel.app/api/gist?id=bbfce31e0217a3689c8d961a356cb10d)\n\n*   Customizing gist card\n\n![Gist Card](https://github-readme-stats.vercel.app/api/gist?id=bbfce31e0217a3689c8d961a356cb10d&theme=calm)\n\n*   Top languages\n\n![Top Langs](https://github-readme-stats.vercel.app/api/top-langs/?username=anuraghazra)\n\n*   WakaTime card\n\n![Harlok\'s WakaTime stats](https://github-readme-stats.vercel.app/api/wakatime?username=ffflabs)\n\n***\n\n## Quick Tip (Align The Cards)\n\nBy default, GitHub does not lay out the cards side by side. To do that, you can use this approach:\n\n```html\n<a href=\"https://github.com/anuraghazra/github-readme-stats\">\n  <img height=200 align=\"center\" src=\"https://github-readme-stats.vercel.app/api?username=anuraghazra\" />\n</a>\n<a href=\"https://github.com/anuraghazra/convoychat\">\n  <img height=200 align=\"center\" src=\"https://github-readme-stats.vercel.app/api/top-langs?username=anuraghazra&layout=compact&langs_count=8&card_width=320\" />\n</a>\n```\n\n```html\n<a href=\"https://github.com/anuraghazra/github-readme-stats\">\n  <img align=\"center\" src=\"https://github-readme-stats.vercel.app/api/pin/?username=anuraghazra&repo=github-readme-stats\" />\n</a>\n<a href=\"https://github.com/anuraghazra/convoychat\">\n  <img align=\"center\" src=\"https://github-readme-stats.vercel.app/api/pin/?username=anuraghazra&repo=convoychat\" />\n</a>\n```\n\n<details>\n<summary>:eyes: Show example</summary>\n\n<a href=\"https://github.com/anuraghazra/github-readme-stats\">\n  <img height=200 align=\"center\" src=\"https://github-readme-stats.vercel.app/api?username=anuraghazra\" />\n</a>\n<a href=\"https://github.com/anuraghazra/convoychat\">\n  <img height=200 align=\"center\" src=\"https://github-readme-stats.vercel.app/api/top-langs?username=anuraghazra&layout=compact&langs_count=8&card_width=320\" />\n</a>\n\n***\n\n<a href=\"https://github.com/anuraghazra/github-readme-stats\">\n  <img align=\"center\" src=\"https://github-readme-stats.vercel.app/api/pin/?username=anuraghazra&repo=github-readme-stats\" />\n</a>\n<a href=\"https://github.com/anuraghazra/convoychat\">\n  <img align=\"center\" src=\"https://github-readme-stats.vercel.app/api/pin/?username=anuraghazra&repo=convoychat\" />\n</a>\n\n</details>\n\n# Deploy on your own\n\n## On Vercel\n\n### :film\\_projector: [Check Out Step By Step Video Tutorial By @codeSTACKr](https://youtu.be/n6d4KHSKqGk?t=107)\n\nSince the GitHub API only allows 5k requests per hour, my `https://github-readme-stats.vercel.app/api` could possibly hit the rate limiter. If you host it on your own Vercel server, then you do not have to worry about anything. Click on the deploy button to get started!\n\n> [!NOTE]\\\n> Since [#58](https://github.com/anuraghazra/github-readme-stats/pull/58), we should be able to handle more than 5k requests and have fewer issues with downtime :grin:.\n\n> [!NOTE]\\\n> If you are on the [Pro (i.e. paid)](https://vercel.com/pricing) Vercel plan, the [maxDuration](https://vercel.com/docs/concepts/projects/project-configuration#value-definition) value found in the [vercel.json](https://github.com/anuraghazra/github-readme-stats/blob/master/vercel.json) can be increased when your Vercel instance frequently times out during the card request. You are advised to keep this value lower than `30` seconds to prevent high memory usage.\n\n[![Deploy to Vercel](https://vercel.com/button)](https://vercel.com/import/project?template=https://github.com/anuraghazra/github-readme-stats)\n\n<details>\n <summary><b>:hammer_and_wrench: Step-by-step guide on setting up your own Vercel instance</b></summary>\n\n1.  Go to [vercel.com](https://vercel.com/).\n2.  Click on `Log in`.\n    ![](https://files.catbox.moe/pcxk33.png)\n3.  Sign in with GitHub by pressing `Continue with GitHub`.\n    ![](https://files.catbox.moe/b9oxey.png)\n4.  Sign in to GitHub and allow access to all repositories if prompted.\n5.  Fork this repo.\n6.  Go back to your [Vercel dashboard](https://vercel.com/dashboard).\n7.  To import a project, click the `Add New...` button and select the `Project` option.\n    ![](https://files.catbox.moe/3n76fh.png)\n8.  Click the `Continue with GitHub` button, search for the required Git Repository and import it by clicking the `Import` button. Alternatively, you can import a Third-Party Git Repository using the `Import Third-Party Git Repository ->` link at the bottom of the page.\n    ![](https://files.catbox.moe/mg5p04.png)\n9.  Create a personal access token (PAT) [here](https://github.com/settings/tokens/new) and enable the `repo` and `user` permissions (this allows access to see private repo and user stats).\n10. Add the PAT as an environment variable named `PAT_1` (as shown).\n    ![](https://files.catbox.moe/0yclio.png)\n11. Click deploy, and you\'re good to go. See your domains to use the API!\n\n</details>\n\n## On other platforms\n\n> [!WARNING]\\\n> This way of using GRS is not officially supported and was added to cater to some particular use cases where Vercel could not be used (e.g. [#2341](https://github.com/anuraghazra/github-readme-stats/discussions/2341)). The support for this method, therefore, is limited.\n\n<details>\n<summary><b>:hammer_and_wrench: Step-by-step guide for deploying on other platforms</b></summary>\n\n1.  Fork or clone this repo as per your needs\n2.  Add `express` to the dependencies section of `package.json`\n    <https://github.com/anuraghazra/github-readme-stats/blob/ba7c2f8b55eac8452e479c8bd38b044d204d0424/package.json#L54-L61>\n3.  Run `npm i` if needed (initial setup)\n4.  Run `node express.js` to start the server, or set the entry point to `express.js` in `package.json` if you\'re deploying on a managed service\n    <https://github.com/anuraghazra/github-readme-stats/blob/ba7c2f8b55eac8452e479c8bd38b044d204d0424/package.json#L11>\n5.  You\'re done \n    </details>\n\n## Disable rate limit protections\n\nGithub Readme Stats contains several Vercel environment variables that can be used to remove the rate limit protections:\n\n*   `CACHE_SECONDS`: This environment variable takes precedence over our cache minimum and maximum values and can circumvent these values for self-hosted Vercel instances.\n\nSee [the Vercel documentation](https://vercel.com/docs/concepts/projects/environment-variables) on adding these environment variables to your Vercel instance.\n\n## Keep your fork up to date\n\nYou can keep your fork, and thus your private Vercel instance up to date with the upstream using GitHub\'s [Sync Fork button](https://docs.github.com/en/pull-requests/collaborating-with-pull-requests/working-with-forks/syncing-a-fork). You can also use the [pull](https://github.com/wei/pull) package created by [@wei](https://github.com/wei) to automate this process.\n\n# :sparkling\\_heart: Support the project\n\nI open-source almost everything I can and try to reply to everyone needing help using these projects. Obviously,\nthis takes time. You can use this service for free.\n\nHowever, if you are using this project and are happy with it or just want to encourage me to continue creating stuff, there are a few ways you can do it:\n\n*   Giving proper credit when you use github-readme-stats on your readme, linking back to it. :D\n*   Starring and sharing the project. :rocket:\n*   [![paypal.me/anuraghazra](https://ionicabizau.github.io/badges/paypal.svg)](https://www.paypal.me/anuraghazra) - You can make a one-time donations via PayPal. I\'ll probably buy a ~~coffee~~ tea. :tea:\n\nThanks! :heart:\n\n***\n\n[![https://vercel.com?utm\\_source=github\\_readme\\_stats\\_team\\&utm\\_campaign=oss](powered-by-vercel.svg)](https://vercel.com?utm_source=github_readme_stats_team\\&utm_campaign=oss)\n\nContributions are welcome! <3\n\nMade with :heart: and JavaScript.\n',5,'2024-05-08 06:58:00'),(11,'@hheinsoee/utility','useful Js tools',NULL,2,'2024-05-08 18:49:54');
/*!40000 ALTER TABLE `r_content` ENABLE KEYS */;

--
-- Table structure for table `r_field`
--

DROP TABLE IF EXISTS `r_field`;
/*!40101 SET @saved_cs_client     = @@character_set_client */;
/*!50503 SET character_set_client = utf8mb4 */;
CREATE TABLE `r_field` (
  `id` int NOT NULL AUTO_INCREMENT,
  `create_time` datetime DEFAULT CURRENT_TIMESTAMP,
  `name` varchar(255) CHARACTER SET utf8mb4 COLLATE utf8mb4_unicode_ci DEFAULT NULL,
  `value` text CHARACTER SET utf8mb4 COLLATE utf8mb4_unicode_ci,
  `r_content_id` int DEFAULT NULL,
  PRIMARY KEY (`id`),
  KEY `content_id` (`r_content_id`),
  CONSTRAINT `r_field_ibfk_1` FOREIGN KEY (`r_content_id`) REFERENCES `r_content` (`id`) ON DELETE CASCADE
) ENGINE=InnoDB AUTO_INCREMENT=119 DEFAULT CHARSET=utf8mb4 COLLATE=utf8mb4_unicode_ci;
/*!40101 SET character_set_client = @saved_cs_client */;

--
-- Dumping data for table `r_field`
--

/*!40000 ALTER TABLE `r_field` DISABLE KEYS */;
INSERT INTO `r_field` VALUES (74,'2024-05-07 10:58:53','author','dom Willion',9),(75,'2024-05-07 10:58:53','year','2000',9),(76,'2024-05-07 10:58:53','duration','1:00:00',9),(77,'2024-05-08 07:43:22','author','heinsoe',7),(104,'2024-05-08 17:00:51','organization','For Net (ICT solution)',2),(105,'2024-05-08 17:00:51','start_date','2018-01-01',2),(106,'2024-05-08 17:00:51','end_date','2019-01-01',2),(107,'2024-05-08 17:01:34','organization','www.heinsoe.com',4),(108,'2024-05-08 17:01:34','start_date','2019-04-01',4),(111,'2024-05-08 17:09:20','release_date','132456465',8),(112,'2024-05-08 17:09:20','relese_date','2023-04-01',8),(113,'2024-05-08 17:09:20','featured_image','',8),(117,'2024-05-14 05:56:29','organization','BrainWave Data',5),(118,'2024-05-14 05:56:29','start_date','2023-06-01',5);
/*!40000 ALTER TABLE `r_field` ENABLE KEYS */;

--
-- Table structure for table `r_taxonomy`
--

DROP TABLE IF EXISTS `r_taxonomy`;
/*!40101 SET @saved_cs_client     = @@character_set_client */;
/*!50503 SET character_set_client = utf8mb4 */;
CREATE TABLE `r_taxonomy` (
  `id` int NOT NULL AUTO_INCREMENT,
  `t_taxonomy_id` int DEFAULT NULL,
  `name` varchar(200) CHARACTER SET utf8mb4 COLLATE utf8mb4_unicode_ci NOT NULL,
  `create_time` datetime DEFAULT CURRENT_TIMESTAMP,
  PRIMARY KEY (`id`),
  KEY `taxonomy_id` (`t_taxonomy_id`),
  CONSTRAINT `r_taxonomy_ibfk_1` FOREIGN KEY (`t_taxonomy_id`) REFERENCES `t_taxonomy` (`id`) ON DELETE SET NULL
) ENGINE=InnoDB AUTO_INCREMENT=40 DEFAULT CHARSET=utf8mb4 COLLATE=utf8mb4_unicode_ci;
/*!40101 SET character_set_client = @saved_cs_client */;

--
-- Dumping data for table `r_taxonomy`
--

/*!40000 ALTER TABLE `r_taxonomy` DISABLE KEYS */;
INSERT INTO `r_taxonomy` VALUES (2,1,'CMS','2024-05-07 05:36:54'),(3,1,'E cormerse','2024-05-07 05:36:54'),(15,NULL,'rock','2024-05-07 10:55:08'),(16,NULL,'pop','2024-05-07 10:55:08'),(17,NULL,'classic','2024-05-07 10:55:08'),(18,NULL,'hard rock','2024-05-07 10:55:08'),(19,NULL,'electronic','2024-05-07 10:55:08'),(20,2,'nodeJs','2024-05-08 16:55:30'),(21,2,'php','2024-05-08 16:55:30'),(22,2,'reactJs','2024-05-08 16:55:30'),(23,2,'mysql','2024-05-08 16:55:30'),(24,2,'reactNative','2024-05-08 16:55:30'),(25,2,'expressJs','2024-05-08 16:55:30'),(26,2,'graphQl','2024-05-08 16:55:30'),(27,2,'nextJs','2024-05-08 16:55:30'),(28,2,'css','2024-05-08 16:55:30'),(29,2,'Javascript','2024-05-08 16:55:30'),(34,NULL,'sss','2024-05-09 15:12:36'),(35,NULL,'hello','2024-05-09 15:12:36'),(36,NULL,'sdsd','2024-05-09 15:16:09'),(37,NULL,'sdsd','2024-05-09 15:17:17'),(38,NULL,'sd','2024-05-09 15:18:31'),(39,NULL,'df','2024-05-09 15:18:54');
/*!40000 ALTER TABLE `r_taxonomy` ENABLE KEYS */;

--
-- Table structure for table `t_content`
--

DROP TABLE IF EXISTS `t_content`;
/*!40101 SET @saved_cs_client     = @@character_set_client */;
/*!50503 SET character_set_client = utf8mb4 */;
CREATE TABLE `t_content` (
  `id` int NOT NULL AUTO_INCREMENT,
  `name` varchar(200) CHARACTER SET utf8mb4 COLLATE utf8mb4_unicode_ci NOT NULL,
  `description` text CHARACTER SET utf8mb4 COLLATE utf8mb4_unicode_ci,
  `create_time` datetime DEFAULT CURRENT_TIMESTAMP,
  PRIMARY KEY (`id`)
) ENGINE=InnoDB AUTO_INCREMENT=16 DEFAULT CHARSET=utf8mb4 COLLATE=utf8mb4_unicode_ci;
/*!40101 SET character_set_client = @saved_cs_client */;

--
-- Dumping data for table `t_content`
--

/*!40000 ALTER TABLE `t_content` DISABLE KEYS */;
INSERT INTO `t_content` VALUES (1,'experience','my bexperience','2024-04-29 23:55:22'),(2,'project','This is Projects','2024-05-07 03:58:05'),(5,'blog','blog posts','2024-05-07 04:07:19');
/*!40000 ALTER TABLE `t_content` ENABLE KEYS */;

--
-- Table structure for table `t_field`
--

DROP TABLE IF EXISTS `t_field`;
/*!40101 SET @saved_cs_client     = @@character_set_client */;
/*!50503 SET character_set_client = utf8mb4 */;
CREATE TABLE `t_field` (
  `id` int NOT NULL AUTO_INCREMENT,
  `name` varchar(200) CHARACTER SET utf8mb4 COLLATE utf8mb4_unicode_ci NOT NULL,
  `t_content_id` int DEFAULT NULL,
  `data_type` varchar(20) CHARACTER SET utf8mb4 COLLATE utf8mb4_unicode_ci DEFAULT NULL,
  `create_time` datetime DEFAULT CURRENT_TIMESTAMP,
  PRIMARY KEY (`id`),
  KEY `type_id` (`t_content_id`),
  CONSTRAINT `t_field_ibfk_1` FOREIGN KEY (`t_content_id`) REFERENCES `t_content` (`id`) ON DELETE CASCADE
) ENGINE=InnoDB AUTO_INCREMENT=61 DEFAULT CHARSET=utf8mb4 COLLATE=utf8mb4_unicode_ci;
/*!40101 SET character_set_client = @saved_cs_client */;

--
-- Dumping data for table `t_field`
--

/*!40000 ALTER TABLE `t_field` DISABLE KEYS */;
INSERT INTO `t_field` VALUES (41,'author',5,'text','2024-05-07 11:06:13'),(42,'auther_website',5,'text','2024-05-07 11:06:13'),(47,'relese_date',2,'date','2024-05-08 16:47:26'),(48,'organization',1,'text','2024-05-08 16:56:01'),(49,'start_date',1,'date','2024-05-08 16:56:01'),(50,'end_date',1,'date','2024-05-08 16:56:01');
/*!40000 ALTER TABLE `t_field` ENABLE KEYS */;

--
-- Table structure for table `t_taxonomy`
--

DROP TABLE IF EXISTS `t_taxonomy`;
/*!40101 SET @saved_cs_client     = @@character_set_client */;
/*!50503 SET character_set_client = utf8mb4 */;
CREATE TABLE `t_taxonomy` (
  `id` int NOT NULL AUTO_INCREMENT,
  `name` varchar(200) CHARACTER SET utf8mb4 COLLATE utf8mb4_unicode_ci NOT NULL,
  `description` text CHARACTER SET utf8mb4 COLLATE utf8mb4_unicode_ci,
  `create_time` datetime DEFAULT CURRENT_TIMESTAMP,
  PRIMARY KEY (`id`)
) ENGINE=InnoDB AUTO_INCREMENT=9 DEFAULT CHARSET=utf8mb4 COLLATE=utf8mb4_unicode_ci;
/*!40101 SET character_set_client = @saved_cs_client */;

--
-- Dumping data for table `t_taxonomy`
--

/*!40000 ALTER TABLE `t_taxonomy` DISABLE KEYS */;
INSERT INTO `t_taxonomy` VALUES (1,'tag','tag word','2024-04-30 11:26:15'),(2,'technology','language and framework','2024-05-07 05:39:57');
/*!40000 ALTER TABLE `t_taxonomy` ENABLE KEYS */;

--
-- Dumping routines for database 'heinsoe2024'
--
/*!40103 SET TIME_ZONE=@OLD_TIME_ZONE */;

/*!40101 SET SQL_MODE=@OLD_SQL_MODE */;
/*!40014 SET FOREIGN_KEY_CHECKS=@OLD_FOREIGN_KEY_CHECKS */;
/*!40014 SET UNIQUE_CHECKS=@OLD_UNIQUE_CHECKS */;
/*!40101 SET CHARACTER_SET_CLIENT=@OLD_CHARACTER_SET_CLIENT */;
/*!40101 SET CHARACTER_SET_RESULTS=@OLD_CHARACTER_SET_RESULTS */;
/*!40101 SET COLLATION_CONNECTION=@OLD_COLLATION_CONNECTION */;
/*!40111 SET SQL_NOTES=@OLD_SQL_NOTES */;

-- Dump completed on 2024-05-17 23:32:49
